productsubcategoryid,productcategoryid, productsubcategoryname, productsubcategorypic
DBAPS000017,DRY,Flour/Grain,
,DRY,Sugar/Sweeteners/Syrup,
,DRY,Oil/Shortening,
,DRY,Fillings,
,DRY,Icings,
,DRY,Mixes/Bases,
,DRY,Nuts,
,DRY,Chocolate,
,DRY,Canned,
,DRY,Cookies/Crumbs/Shells,
,DRY,Fruit/Vegetables,
,DRY,Spices/Flavors/Colors,
,DRY,Packaging,
,DRY,Miscellaneous,
,Refrigerated,Yeast,
,Refrigerated,Cheese,
,Refrigerated,Butter,
,Refrigerated,Eggs,
,Refrigerated,Milk/Cream,
,Refrigerated,Miscellaneous,
,Frozen,Pies,
,Frozen,Muffins&Batters,
,Frozen,Breads/Rolls,
,Frozen,Pastries,
,Frozen,Cookies,
,Frozen,Cakes,
,Frozen,Donuts,
,Frozen,Bagels,
,Frozen,ArtisanBreads,
,Frozen,Toppings,
,Frozen,Fruit/Vegetables,
,Frozen,Miscellaneous,
,Fresh,Fresh,
